Post Number,Username,Saved (y/n),Posted
CcgHNBtpF8F,nicole.in.wyo,1,1
CcgDw86MMyX,spinneguri,1,1
CcgXzxFspuK,martomoriyon,1,1
CcgHoxAMvpn,amoureuse.de.la.corse,1,1
CcgMAg0Pjab,alvska_hound.907,1,1
Ccf_RScM4qL,amazing_views_by_michael_toth,1,1
CcgUVMfrSQv,hereswitzerland,1,1
CcgoXMnsSBJ,roaddrip_daphne,1,1
Ccf9w3tJxC_,mddyelrck,1,1
Ccfpiu6vAnu,given.o.k.nguyen,1,1
CcgHy3uMmnV,kollerjeremy,1,1
CcgDmf0Dq5f,alfettagtvstef,1,1
Ccf4CsYst73,sebastian.lehrke,1,1
CcgMhqdv7q1,bradshuu,1,1
Ccf2495MUZq,special_shots,1,1
CcgVxmHPYIk,nickhansonphotography,1,1
CcgUE2ZqFM4,southbourne_sue,1,1
CcgFlp5DoL0,silverrlining,1,1
CcgPdbMsdOC,_criscc07_,1,1
CcgJ5INIlWQ,alberliz,1,1
CcgX6T1PyKV,y_fumi519,1,1
CcgJuJ_szYK,galybzh29sud,1,1
Ccf_YmAslAZ,jan.horsman,1,1
CcgOr3IsoVA,c_this_is_nature,1,1
CcgXLCnvHt2,urouro1,1,1
CcgPyEZIZPT,pszem,1,1
CcgjHyEv4Dd,yosshy_102,1,1
CcgWJmGPJ5b,lylerichter,1,1
CcgMVSfsg-y,loveforsomerset,1,1
CcgHTAjsH26,laiavinas6,1,1
CcgH87uMTEt,frunzehovhannisyan,1,1
CcgGkb-spiX,apulin_colorado,1,1
CcgMiN2PUPP,sophiemomo1,1,1
CcgZgDePoMO,jun.0330.sato,1,1
CcguLCNP5Sa,_alexandra_lou_,1,1
CcgVeRiMNCW,_crawfishh_,1,1
CcgMQd8s1Wx,andrew_loudon,1,1
CcgSMhlsZ2N,conny.fotografie,1,1
CcgTWlQr1yd,nessundormacinqueterre,1,1
CcgKFVTMzcp,slpcannes,1,1
CcgOjUXKzBg,lara_e_p,1,1
CcgHr50o0IX,labellefrance_fr,1,1
CcgShz1sIAN,luisfgalves,1,1
CcgVMluoqWx,instafraner,1,1
CcgNKHTtcAm,davenpair,1,1
CcgfxWWJDza,photosofcapecod,1,1
CcgP5DnMGNB,through_my_eyes_83,1,1
CcgVsYKPVSS,oceanicblue1,1,1
CcgO0rmoOk3,aimee.maxime,1,1
CcgKeEFj9jo,seanhowellphoto,1,1
CcgBowSDCiz,hiking_in_thelakes_,1,1
CcgTjiDqAAR,rcornolis,1,1
Ccgmxc_v39h,summer.sail00,1,1
CcgLMJvvVW1,reawakentotruth,1,1
Ccgj7LSJDbm,fabiolima.fotografia,1,1
Ccgj-DorPE7,jgazze,1,1
CcgOB-is8yq,mongjerde,1,0
CcgaUbXhyUT,addi_ct125,1,0
Ccga4ZQpYYP,irenepre,1,0
Ccgma8jJIb2,vulcanoultratrail,1,0
